DATE,HomePriceIndex,ConsumerConfidenceIndex,ConsumerSentiment,InterestRatesAndPriceIndexes,CompositeLeadingIndicator,LaborCost,NationalUnemploymentRate,HousingStarts,DebtToGDPRatio,GDPGrowthRate,Permit1Unit,Permit2to4Unit,Permit5Unit,BuilderConfidence
1990-01-01,76.9,126.1,93.0,9501.0,99.79,1.3,5.4,1551,51.97,1.89,989000,85000,674000,43.0
1990-02-01,77.05,126.2,89.5,9501.0,99.82,1.3,5.3,1437,51.97,1.89,963000,60000,306000,42.0
1990-03-01,77.2,126.8,91.3,9501.0,99.82,1.3,5.2,1289,51.97,1.89,912000,56000,278000,44.0
1990-04-01,77.28,127.1,93.9,9501.0,99.74,1.3,5.4,1248,52.75,1.89,818000,58000,260000,40.0
1990-05-01,77.3,127.3,90.6,9501.0,99.57,1.3,5.4,1212,52.75,1.89,793000,51000,223000,39.0
1990-06-01,77.26,128.1,88.3,9501.0,99.27,1.3,5.2,1177,52.75,1.89,795000,48000,265000,36.0
1990-07-01,77.14,128.7,88.2,9501.0,98.87,1.3,5.5,1171,53.75,1.89,775000,59000,244000,36.0
1990-08-01,77.01,129.7,76.4,9501.0,98.38,1.3,5.7,1115,53.75,1.89,764000,62000,243000,32.0
1990-09-01,76.85,130.2,72.8,9501.0,97.89,1.3,5.9,1110,53.75,1.89,721000,48000,207000,30.0
1990-10-01,76.7,130.6,63.9,9501.0,97.47,1.3,5.9,1014,56.04,1.89,708000,46000,171000,31.0
1990-11-01,76.37,130.8,66.0,9501.0,97.17,1.3,6.2,1145,56.04,1.89,682000,41000,218000,28.0
1990-12-01,76.18,131.0,65.5,9501.0,97.06,1.3,6.3,969,56.04,1.89,655000,45000,161000,25.0
1991-01-01,75.92,132.0,66.8,9501.0,97.12,4.8,6.4,798,57.42,-0.11,587000,41000,158000,22.0
1991-02-01,75.73,132.4,70.4,9501.0,97.35,4.8,6.6,965,57.42,-0.11,680000,42000,131000,20.0
1991-03-01,75.57,132.6,87.7,9501.0,97.68,4.8,6.8,921,57.42,-0.11,694000,46000,171000,27.0
1991-04-01,75.56,132.7,81.8,9522.0,98.05,4.8,6.7,1001,57.75,-0.11,742000,46000,128000,36.0
1991-05-01,75.76,133.1,78.3,9522.0,98.43,4.8,6.9,996,57.75,-0.11,763000,39000,189000,41.0
1991-06-01,75.99,133.2,82.1,9522.0,98.77,4.8,6.9,1036,57.75,-0.11,763000,48000,153000,40.0
1991-07-01,76.08,133.6,82.9,9273.0,99.03,4.8,6.8,1063,59.06,-0.11,787000,41000,145000,42.0
1991-08-01,76.11,133.8,82.0,9273.0,99.16,4.8,6.9,1049,59.06,-0.11,772000,40000,132000,41.0
1991-09-01,76.19,134.3,83.0,9273.0,99.19,4.8,6.9,1015,59.06,-0.11,788000,44000,142000,36.0
1991-10-01,76.07,134.7,78.3,8690.0,99.14,4.8,7.0,1079,60.69,-0.11,787000,41000,163000,37.0
1991-11-01,76.01,135.2,69.1,8690.0,99.06,4.8,7.0,1103,60.69,-0.11,789000,46000,149000,37.0
1991-12-01,76.06,135.6,68.2,8690.0,99.02,4.8,7.3,1079,60.69,-0.11,860000,41000,160000,37.0
1992-01-01,76.08,135.9,67.5,8688.0,99.07,-3.7,7.3,1176,61.0,3.52,893000,44000,140000,35.0
1992-02-01,76.16,136.1,68.8,8688.0,99.2,-3.7,7.4,1250,61.0,3.52,951000,43000,152000,44.0
1992-03-01,76.28,136.4,76.0,8688.0,99.37,-3.7,7.4,1297,61.0,3.52,897000,44000,141000,49.0
1992-04-01,76.34,136.7,77.2,8678.0,99.52,-3.7,7.4,1099,61.58,3.52,868000,43000,143000,46.0
1992-05-01,76.4,136.9,79.2,8678.0,99.62,-3.7,7.6,1214,61.58,3.52,885000,45000,126000,46.0
1992-06-01,76.33,137.4,80.4,8678.0,99.66,-3.7,7.8,1145,61.58,3.52,888000,46000,123000,47.0
1992-07-01,76.26,137.7,76.6,8011.0,99.65,-3.7,7.7,1139,61.9,3.52,884000,42000,163000,45.0
1992-08-01,76.23,137.9,76.1,8011.0,99.64,-3.7,7.6,1226,61.9,3.52,883000,53000,139000,46.0
1992-09-01,76.24,138.1,75.6,8011.0,99.67,-3.7,7.6,1186,61.9,3.52,914000,44000,156000,49.0
1992-10-01,76.38,138.6,73.3,8212.0,99.78,-3.7,7.3,1244,62.52,3.52,944000,50000,138000,48.0
1992-11-01,76.56,139.0,85.3,8212.0,99.93,-3.7,7.4,1214,62.52,3.52,945000,48000,125000,50.0
1992-12-01,76.67,139.2,91.0,8212.0,100.07,-3.7,7.4,1227,62.52,3.52,1017000,45000,114000,54.0
1993-01-01,76.78,139.6,89.3,7708.0,100.13,-3.4,7.3,1210,62.87,2.75,989000,47000,141000,56.0
1993-02-01,76.84,139.6,86.6,7708.0,100.12,-3.4,7.1,1210,62.87,2.75,953000,52000,143000,55.0
1993-03-01,76.87,140.0,85.9,7708.0,100.02,-3.4,7.0,1083,62.87,2.75,881000,44000,131000,52.0
1993-04-01,76.94,140.6,85.6,7430.0,99.88,-3.4,7.1,1258,63.92,2.75,922000,52000,130000,53.0
1993-05-01,77.04,140.8,80.3,7430.0,99.72,-3.4,7.1,1260,63.92,2.75,911000,48000,153000,52.0
1993-06-01,77.24,141.2,81.5,7430.0,99.59,-3.4,7.0,1280,63.92,2.75,932000,51000,147000,51.0
1993-07-01,77.43,141.3,77.0,7062.0,99.51,-3.4,6.9,1254,64.1,2.75,977000,53000,144000,53.0
1993-08-01,77.61,141.7,77.3,7062.0,99.53,-3.4,6.8,1300,64.1,2.75,1000000,52000,178000,57.0
1993-09-01,77.79,142.0,77.9,7062.0,99.63,-3.4,6.7,1343,64.1,2.75,1028000,59000,164000,60.0
1993-10-01,77.94,142.3,82.7,7058.0,99.82,-3.4,6.8,1392,64.67,2.75,1071000,58000,158000,62.0
1993-11-01,78.15,142.6,81.2,7058.0,100.06,-3.4,6.6,1376,64.67,2.75,1125000,58000,174000,66.0
1993-12-01,78.32,143.0,88.2,7058.0,100.33,-3.4,6.5,1533,64.67,2.75,1161000,55000,245000,71.0
1994-01-01,78.59,143.2,94.3,7353.0,100.58,-4.4,6.6,1272,64.31,4.03,1112000,68000,210000,71.0
1994-02-01,78.73,143.7,93.2,7353.0,100.78,-4.4,6.6,1337,64.31,4.03,1065000,56000,148000,70.0
1994-03-01,78.86,144.1,91.5,7353.0,100.94,-4.4,6.5,1564,64.31,4.03,1078000,61000,203000,64.0
1994-04-01,78.99,144.0,92.6,8468.0,101.03,-4.4,6.4,1465,64.11,4.03,1084000,62000,246000,61.0
1994-05-01,79.22,144.4,92.8,8468.0,101.08,-4.4,6.1,1526,64.11,4.03,1110000,66000,220000,61.0
1994-06-01,79.42,144.6,91.2,8468.0,101.08,-4.4,6.1,1409,64.11,4.03,1067000,58000,232000,59.0
1994-07-01,79.59,144.8,89.0,8596.0,101.04,-4.4,6.1,1439,64.01,4.03,1041000,60000,234000,57.0
1994-08-01,79.78,145.3,91.7,8596.0,100.99,-4.4,6.0,1450,64.01,4.03,1054000,60000,263000,53.0
1994-09-01,79.92,145.5,91.5,8596.0,100.92,-4.4,5.9,1474,64.01,4.03,1056000,60000,296000,53.0
1994-10-01,80.06,145.7,92.7,9105.0,100.83,-4.4,5.8,1450,64.39,4.03,1042000,68000,287000,50.0
1994-11-01,80.15,146.0,91.6,9105.0,100.69,-4.4,5.6,1511,64.39,4.03,1014000,66000,260000,49.0
1994-12-01,80.3,146.0,95.1,9105.0,100.5,-4.4,5.5,1455,64.39,4.03,1086000,62000,248000,50.0
1995-01-01,80.43,146.6,97.6,8785.0,100.24,3.3,5.6,1407,64.66,2.68,967000,66000,249000,43.0
1995-02-01,80.53,146.9,95.1,8785.0,99.92,3.3,5.4,1316,64.66,2.68,916000,52000,286000,40.0
1995-03-01,80.6,147.2,90.3,8785.0,99.57,3.3,5.4,1249,64.66,2.68,914000,64000,248000,42.0
1995-04-01,80.66,147.6,92.5,7918.0,99.24,3.3,5.8,1267,65.31,2.68,925000,60000,274000,40.0
1995-05-01,80.7,147.9,89.8,7918.0,98.98,3.3,5.6,1314,65.31,2.68,958000,61000,252000,42.0
1995-06-01,80.78,148.2,92.7,7918.0,98.81,3.3,5.6,1281,65.31,2.68,982000,64000,259000,43.0
1995-07-01,80.94,148.6,94.4,7696.0,98.71,3.3,5.7,1461,64.74,2.68,1019000,61000,274000,45.0
1995-08-01,81.11,149.0,96.2,7696.0,98.65,3.3,5.7,1416,64.74,2.68,1045000,63000,278000,49.0
1995-09-01,81.31,149.2,88.9,7696.0,98.6,3.3,5.6,1369,64.74,2.68,1079000,68000,274000,50.0
1995-10-01,81.48,149.8,90.2,7339.0,98.55,3.3,5.5,1369,64.18,2.68,1052000,65000,283000,51.0
1995-11-01,81.62,150.0,88.2,7339.0,98.53,3.3,5.6,1452,64.18,2.68,1060000,70000,300000,55.0
1995-12-01,81.74,150.3,91.0,7339.0,98.55,3.3,5.6,1431,64.18,2.68,1091000,62000,289000,52.0
1996-01-01,81.83,150.9,89.3,7272.0,98.61,0.1,5.6,1467,65.04,3.77,1051000,63000,273000,53.0
1996-02-01,81.95,151.2,88.5,7272.0,98.74,0.1,5.5,1491,65.04,3.77,1085000,60000,275000,54.0
1996-03-01,82.19,151.6,93.7,7272.0,98.91,0.1,5.5,1424,65.04,3.77,1108000,60000,269000,49.0
1996-04-01,82.42,151.9,92.7,8102.0,99.08,0.1,5.6,1516,64.25,3.77,1108000,74000,281000,59.0
1996-05-01,82.61,152.3,89.4,8102.0,99.25,0.1,5.6,1504,64.25,3.77,1096000,66000,295000,60.0
1996-06-01,82.75,152.4,92.4,8102.0,99.39,0.1,5.3,1467,64.25,3.77,1089000,64000,276000,61.0
1996-07-01,82.93,153.0,94.7,8147.0,99.48,0.1,5.5,1472,64.26,3.77,1074000,67000,309000,59.0
1996-08-01,83.08,153.4,95.3,8147.0,99.56,0.1,5.1,1557,64.26,3.77,1061000,63000,289000,58.0
1996-09-01,83.26,153.7,94.7,8147.0,99.63,0.1,5.2,1475,64.26,3.77,1037000,70000,285000,56.0
1996-10-01,83.38,154.0,96.5,7703.0,99.71,0.1,5.2,1392,64.45,3.77,1010000,68000,280000,55.0
1996-11-01,83.55,154.4,99.2,7703.0,99.79,0.1,5.4,1489,64.45,3.77,1031000,68000,313000,56.0
1996-12-01,83.72,154.7,96.9,7703.0,99.88,0.1,5.4,1370,64.45,3.77,1015000,62000,334000,54.0
1997-01-01,83.95,155.3,97.4,7793.0,99.99,1.3,5.3,1355,64.34,4.45,1046000,64000,272000,55.0
1997-02-01,84.18,155.7,99.7,7793.0,100.12,1.3,5.2,1486,64.34,4.45,1070000,65000,310000,54.0
1997-03-01,84.45,155.7,100.0,7793.0,100.26,1.3,5.2,1457,64.34,4.45,1031000,66000,339000,52.0
1997-04-01,84.62,156.0,101.4,7927.0,100.4,1.3,5.1,1492,63.11,4.45,1054000,70000,297000,57.0
1997-05-01,84.86,156.2,103.2,7927.0,100.55,1.3,4.9,1442,63.11,4.45,1046000,65000,303000,56.0
1997-06-01,85.08,156.6,104.5,7927.0,100.68,1.3,5.0,1494,63.11,4.45,1057000,67000,278000,55.0
1997-07-01,85.33,156.9,107.1,7470.0,100.79,1.3,4.9,1437,62.49,4.45,1050000,74000,316000,56.0
1997-08-01,85.57,157.1,104.4,7470.0,100.86,1.3,4.8,1390,62.49,4.45,1061000,65000,323000,55.0
1997-09-01,85.85,157.5,106.0,7470.0,100.91,1.3,4.9,1546,62.49,4.45,1091000,67000,336000,58.0
1997-10-01,86.15,157.8,105.6,7193.0,100.92,1.3,4.7,1520,62.77,4.45,1098000,76000,325000,59.0
1997-11-01,86.63,158.3,107.2,7193.0,100.91,1.3,4.6,1510,62.77,4.45,1093000,62000,314000,59.0
1997-12-01,87.09,158.4,102.1,7193.0,100.88,1.3,4.7,1566,62.77,4.45,1080000,77000,299000,58.0
1998-01-01,87.61,158.7,106.6,7052.0,100.85,-1.7,4.6,1525,62.51,4.48,1158000,71000,326000,60.0
1998-02-01,88.0,158.8,110.4,7052.0,100.8,-1.7,4.6,1584,62.51,4.48,1191000,77000,379000,60.0
1998-03-01,88.44,159.2,106.5,7052.0,100.7,-1.7,4.7,1567,62.51,4.48,1162000,71000,372000,65.0
1998-04-01,88.88,159.6,108.7,7098.0,100.57,-1.7,4.3,1540,61.85,4.48,1157000,57000,333000,66.0
1998-05-01,89.36,160.0,106.5,7098.0,100.4,-1.7,4.4,1536,61.85,4.48,1165000,66000,323000,67.0
1998-06-01,89.84,160.2,105.6,7098.0,100.2,-1.7,4.5,1641,61.85,4.48,1148000,73000,330000,67.0
1998-07-01,90.31,160.5,105.2,6853.0,100.01,-1.7,4.5,1698,60.59,4.48,1181000,76000,353000,70.0
1998-08-01,90.78,160.8,104.4,6853.0,99.85,-1.7,4.5,1614,60.59,4.48,1196000,72000,386000,71.0
1998-09-01,91.26,161.1,100.9,6853.0,99.75,-1.7,4.6,1582,60.59,4.48,1187000,68000,322000,72.0
1998-10-01,91.72,161.5,97.4,6777.0,99.75,-1.7,4.5,1715,60.41,4.48,1217000,70000,432000,71.0
1998-11-01,92.2,161.9,102.7,6777.0,99.85,-1.7,4.4,1660,60.41,4.48,1248000,59000,365000,73.0
1998-12-01,92.71,162.2,100.5,6777.0,100.02,-1.7,4.4,1792,60.41,4.48,1317000,75000,350000,77.0
1999-01-01,93.21,162.2,103.9,6885.0,100.23,-1.5,4.3,1748,60.05,4.79,1259000,81000,392000,78.0
1999-02-01,93.67,162.4,108.1,6885.0,100.44,-1.5,4.4,1670,60.05,4.79,1291000,68000,361000,75.0
1999-03-01,94.22,162.7,105.7,6885.0,100.63,-1.5,4.2,1710,60.05,4.79,1239000,65000,361000,71.0
1999-04-01,94.78,163.1,104.6,7238.0,100.8,-1.5,4.3,1553,59.19,4.79,1227000,65000,308000,71.0
1999-05-01,95.34,163.3,106.8,7238.0,100.95,-1.5,4.2,1611,59.19,4.79,1254000,58000,328000,71.0
1999-06-01,95.97,163.6,107.3,7238.0,101.05,-1.5,4.3,1559,59.19,4.79,1276000,64000,362000,75.0
1999-07-01,96.59,164.0,106.0,7785.0,101.13,-1.5,4.3,1669,58.39,4.79,1276000,62000,344000,77.0
1999-08-01,97.22,164.3,104.5,7785.0,101.19,-1.5,4.2,1648,58.39,4.79,1243000,66000,362000,75.0
1999-09-01,97.86,164.9,107.2,7785.0,101.24,-1.5,4.2,1635,58.39,4.79,1198000,64000,289000,72.0
1999-10-01,98.52,165.1,103.2,7852.0,101.29,-1.5,4.1,1608,58.34,4.79,1208000,63000,378000,72.0
1999-11-01,99.15,165.5,107.2,7852.0,101.35,-1.5,4.1,1648,58.34,4.79,1233000,69000,370000,69.0
1999-12-01,99.84,165.7,105.4,7852.0,101.38,-1.5,4.0,1708,58.34,4.79,1257000,71000,355000,70.0
2000-01-01,100.55,166.5,112.0,8257.0,101.38,2.8,4.0,1636,57.72,4.08,1277000,64000,386000,70.0
2000-02-01,101.34,167.3,111.3,8257.0,101.32,2.8,4.1,1737,57.72,4.08,1241000,70000,381000,69.0
2000-03-01,102.13,167.7,107.1,8257.0,101.22,2.8,4.0,1604,57.72,4.08,1253000,65000,333000,68.0
2000-04-01,102.92,167.9,109.2,8316.0,101.1,2.8,3.8,1626,55.48,4.08,1192000,61000,344000,64.0
2000-05-01,103.68,168.3,110.7,8316.0,100.95,2.8,4.0,1575,55.48,4.08,1182000,70000,291000,63.0
2000-06-01,104.42,169.2,106.4,8316.0,100.79,2.8,4.0,1559,55.48,4.08,1156000,61000,355000,63.0
2000-07-01,105.05,169.9,108.3,8020.0,100.6,2.8,4.0,1463,54.99,4.08,1152000,57000,333000,58.0
2000-08-01,105.77,170.2,107.3,8020.0,100.39,2.8,4.1,1541,54.99,4.08,1173000,68000,311000,59.0
2000-09-01,106.54,171.1,106.8,8020.0,100.13,2.8,3.9,1507,54.99,4.08,1189000,67000,314000,60.0
2000-10-01,107.38,171.8,105.8,7621.0,99.83,2.8,3.9,1549,54.26,4.08,1224000,68000,285000,60.0
2000-11-01,108.3,172.2,107.6,7621.0,99.48,2.8,3.9,1551,54.26,4.08,1208000,66000,340000,62.0
2000-12-01,109.14,172.8,98.4,7621.0,99.1,2.8,3.9,1532,54.26,4.08,1180000,60000,303000,63.0
2001-01-01,109.85,174.5,94.7,7007.0,98.76,-1.7,4.2,1600,55.14,0.95,1251000,61000,387000,57.0
2001-02-01,110.5,174.9,90.6,7007.0,98.49,-1.7,4.2,1625,55.14,0.95,1242000,69000,345000,52.0
2001-03-01,111.11,175.3,91.5,7007.0,98.32,-1.7,4.3,1590,55.14,0.95,1232000,69000,358000,58.0
2001-04-01,111.65,175.4,88.4,7130.0,98.23,-1.7,4.4,1649,54.03,0.95,1259000,65000,342000,60.0
2001-05-01,112.16,176.1,92.0,7130.0,98.2,-1.7,4.3,1605,54.03,0.95,1240000,69000,356000,59.0
2001-06-01,112.8,176.8,92.6,7130.0,98.18,-1.7,4.5,1636,54.03,0.95,1252000,81000,293000,58.0
2001-07-01,113.49,176.8,92.4,6964.0,98.13,-1.7,4.6,1670,54.8,0.95,1235000,62000,301000,59.0
2001-08-01,114.17,177.1,91.5,6964.0,98.07,-1.7,4.9,1567,54.8,0.95,1241000,65000,309000,57.0
2001-09-01,114.81,177.0,81.8,6964.0,98.02,-1.7,5.0,1562,54.8,0.95,1192000,54000,319000,59.0
2001-10-01,115.31,176.9,82.7,6771.0,98.07,-1.7,5.3,1540,55.75,0.95,1185000,60000,321000,55.0
2001-11-01,115.86,177.5,83.9,6771.0,98.25,-1.7,5.5,1602,55.75,0.95,1229000,62000,360000,46.0
2001-12-01,116.46,177.9,88.8,6771.0,98.52,-1.7,5.7,1568,55.75,0.95,1251000,73000,356000,48.0
2002-01-01,117.14,178.3,93.0,6972.0,98.83,-4.2,5.7,1698,55.7,1.7,1285000,69000,311000,55.0
2002-02-01,117.84,178.7,90.7,6972.0,99.12,-4.2,5.7,1829,55.7,1.7,1401000,66000,320000,58.0
2002-03-01,118.69,179.0,95.7,6972.0,99.35,-4.2,5.7,1642,55.7,1.7,1289000,72000,330000,58.0
2002-04-01,119.61,179.5,93.0,6813.0,99.44,-4.2,5.9,1592,56.27,1.7,1285000,68000,316000,62.0
2002-05-01,120.72,179.8,96.9,6813.0,99.39,-4.2,5.8,1764,56.27,1.7,1289000,71000,356000,61.0
2002-06-01,121.81,180.0,92.4,6813.0,99.19,-4.2,5.8,1717,56.27,1.7,1314000,82000,362000,61.0
2002-07-01,122.89,180.2,88.1,6289.0,98.9,-4.2,5.8,1655,56.7,1.7,1307000,69000,362000,61.0
2002-08-01,123.83,180.7,87.6,6289.0,98.6,-4.2,5.7,1633,56.7,1.7,1317000,72000,306000,61.0
2002-09-01,124.78,181.1,86.1,6289.0,98.31,-4.2,5.7,1804,56.7,1.7,1366000,92000,345000,55.0
2002-10-01,125.73,181.5,80.6,6075.0,98.09,-4.2,5.7,1648,57.91,1.7,1382000,71000,346000,63.0
2002-11-01,126.67,182.0,84.2,6075.0,97.94,-4.2,5.9,1753,57.91,1.7,1382000,70000,319000,61.0
2002-12-01,127.62,182.3,86.7,6075.0,97.84,-4.2,6.0,1788,57.91,1.7,1409000,78000,409000,62.0
2003-01-01,128.46,182.9,82.4,5841.0,97.77,-0.5,5.8,1853,57.82,2.8,1416000,89000,303000,63.0
2003-02-01,129.35,183.4,79.9,5841.0,97.74,-0.5,5.9,1629,57.82,2.8,1357000,80000,417000,62.0
2003-03-01,130.15,184.2,77.6,5841.0,97.77,-0.5,5.9,1726,57.82,2.8,1359000,74000,324000,63.0
2003-04-01,130.88,184.0,86.0,5507.0,97.91,-0.5,6.0,1643,58.96,2.8,1391000,85000,327000,56.0
2003-05-01,131.73,184.6,92.1,5507.0,98.13,-0.5,6.1,1751,58.96,2.8,1389000,82000,364000,55.0
2003-06-01,132.65,184.6,89.7,5507.0,98.43,-0.5,6.3,1867,58.96,2.8,1461000,79000,335000,60.0
2003-07-01,133.78,184.9,90.9,6034.0,98.77,-0.5,6.2,1897,58.64,2.8,1478000,77000,330000,63.0
2003-08-01,134.97,185.2,89.3,6034.0,99.15,-0.5,6.1,1833,58.64,2.8,1521000,83000,362000,65.0
2003-09-01,136.29,185.5,87.7,6034.0,99.56,-0.5,6.1,1939,58.64,2.8,1533000,92000,336000,67.0
2003-10-01,137.53,185.9,89.6,5919.0,99.97,-0.5,6.0,1967,59.44,2.8,1566000,80000,366000,67.0
2003-11-01,138.79,186.0,93.7,5919.0,100.36,-0.5,5.8,2083,59.44,2.8,1513000,94000,311000,69.0
2003-12-01,140.18,186.4,92.6,5919.0,100.68,-0.5,5.7,2057,59.44,2.8,1549000,76000,362000,68.0
2004-01-01,141.65,186.9,103.8,5592.0,100.93,0.0,5.7,1911,59.81,3.85,1539000,93000,320000,69.0
2004-02-01,143.19,187.1,94.4,5592.0,101.07,0.0,5.6,1846,59.81,3.85,1564000,87000,315000,68.0
2004-03-01,145.06,187.7,95.8,5592.0,101.14,0.0,5.8,1998,59.81,3.85,1648000,100000,318000,66.0
2004-04-01,146.59,188.3,94.2,6159.0,101.14,0.0,5.6,2003,60.06,3.85,1617000,94000,359000,66.0
2004-05-01,148.18,188.9,90.2,6159.0,101.1,0.0,5.6,1981,60.06,3.85,1675000,89000,386000,69.0
2004-06-01,149.85,189.5,95.6,6159.0,101.02,0.0,5.6,1828,60.06,3.85,1615000,83000,322000,69.0
2004-07-01,151.34,189.9,96.7,5870.0,100.91,0.0,5.5,2002,59.97,3.85,1620000,106000,386000,68.0
2004-08-01,152.63,190.3,95.9,5870.0,100.79,0.0,5.4,2024,59.97,3.85,1609000,83000,364000,67.0
2004-09-01,154.18,190.8,94.2,5870.0,100.69,0.0,5.4,1905,59.97,3.85,1586000,80000,375000,70.0
2004-10-01,155.75,191.2,91.7,5736.0,100.62,0.0,5.5,2072,60.64,3.85,1593000,87000,417000,67.0
2004-11-01,157.53,191.8,92.8,5736.0,100.59,0.0,5.4,1782,60.64,3.85,1572000,92000,415000,69.0
2004-12-01,159.33,192.1,97.1,5736.0,100.57,0.0,5.4,2042,60.64,3.85,1613000,90000,379000,70.0
2005-01-01,161.29,192.3,95.5,5768.0,100.53,1.4,5.3,2144,60.91,3.48,1654000,76000,409000,71.0
2005-02-01,163.34,193.0,94.1,5768.0,100.46,1.4,5.4,2207,60.91,3.48,1630000,89000,395000,70.0
2005-03-01,165.81,193.9,92.6,5768.0,100.37,1.4,5.2,1864,60.91,3.48,1580000,80000,402000,69.0
2005-04-01,167.5,194.3,87.7,5708.0,100.3,1.4,5.2,2061,60.64,3.48,1654000,75000,421000,70.0
2005-05-01,169.35,194.6,86.9,5708.0,100.28,1.4,5.1,2025,60.64,3.48,1644000,81000,360000,67.0
2005-06-01,171.19,194.6,96.0,5708.0,100.3,1.4,5.0,2068,60.64,3.48,1683000,87000,408000,70.0
2005-07-01,172.86,195.4,96.5,5764.0,100.36,1.4,5.0,2054,60.36,3.48,1722000,96000,385000,72.0
2005-08-01,174.44,195.9,89.1,5764.0,100.44,1.4,4.9,2095,60.36,3.48,1716000,87000,416000,70.0
2005-09-01,176.44,196.8,76.9,5764.0,100.56,1.4,5.0,2151,60.36,3.48,1798000,88000,377000,67.0
2005-10-01,178.03,198.7,74.2,6226.0,100.73,1.4,5.0,2065,61.32,3.48,1742000,84000,344000,65.0
2005-11-01,179.68,199.5,81.6,6226.0,100.93,1.4,5.0,2147,61.32,3.48,1730000,82000,406000,68.0
2005-12-01,180.91,199.6,91.5,6226.0,101.11,1.4,4.9,1994,61.32,3.48,1661000,84000,375000,61.0
2006-01-01,182.32,200.5,91.2,6247.0,101.25,2.7,4.7,2273,61.56,2.78,1689000,101000,422000,57.0
2006-02-01,183.29,200.8,86.7,6247.0,101.34,2.7,4.8,2119,61.56,2.78,1643000,85000,413000,57.0
2006-03-01,184.36,201.2,88.9,6247.0,101.36,2.7,4.7,1969,61.56,2.78,1551000,83000,484000,56.0
2006-04-01,184.33,201.6,87.4,6602.0,101.32,2.7,4.7,1821,61.22,2.78,1496000,78000,424000,54.0
2006-05-01,184.16,202.3,79.1,6602.0,101.25,2.7,4.6,1942,61.22,2.78,1450000,81000,374000,51.0
2006-06-01,183.51,202.8,84.9,6602.0,101.17,2.7,4.6,1802,61.22,2.78,1393000,72000,402000,46.0
2006-07-01,183.07,203.4,84.7,6560.0,101.13,2.7,4.7,1737,61.33,2.78,1307000,78000,378000,42.0
2006-08-01,182.6,204.1,82.0,6560.0,101.13,2.7,4.7,1650,61.33,2.78,1282000,77000,363000,39.0
2006-09-01,182.8,204.7,85.4,6560.0,101.19,2.7,4.5,1720,61.33,2.78,1218000,72000,365000,33.0
2006-10-01,183.2,204.8,93.6,6244.0,101.3,2.7,4.4,1491,61.83,2.78,1175000,69000,326000,30.0
2006-11-01,183.61,205.5,92.1,6244.0,101.43,2.7,4.5,1570,61.83,2.78,1163000,58000,314000,31.0
2006-12-01,184.14,206.2,91.7,6244.0,101.58,2.7,4.4,1649,61.83,2.78,1198000,72000,368000,33.0
2007-01-01,184.52,206.79,96.9,6215.0,101.71,4.9,4.6,1409,62.25,2.01,1174000,70000,382000,33.0
2007-02-01,184.6,207.54,91.3,6215.0,101.84,4.9,4.5,1480,62.25,2.01,1136000,70000,392000,35.0
2007-03-01,184.15,208.12,88.4,6215.0,101.97,4.9,4.4,1495,62.25,2.01,1147000,69000,380000,39.0
2007-04-01,183.01,208.52,87.1,6358.0,102.08,4.9,4.5,1490,61.57,2.01,1058000,60000,352000,36.0
2007-05-01,181.6,208.88,88.3,6358.0,102.17,4.9,4.4,1415,61.57,2.01,1042000,64000,387000,33.0
2007-06-01,180.25,209.56,85.3,6358.0,102.21,4.9,4.6,1448,61.57,2.01,995000,57000,355000,30.0
2007-07-01,179.11,209.74,90.4,6552.0,102.19,4.9,4.7,1354,61.85,2.01,978000,57000,326000,28.0
2007-08-01,178.12,210.0,83.4,6552.0,102.11,4.9,4.6,1330,61.85,2.01,916000,57000,348000,24.0
2007-09-01,177.56,210.5,83.4,6552.0,101.99,4.9,4.7,1183,61.85,2.01,855000,50000,356000,22.0
2007-10-01,176.62,211.06,80.9,6225.0,101.85,4.9,4.7,1264,62.72,2.01,821000,50000,321000,20.0
2007-11-01,175.15,211.86,76.1,6225.0,101.71,4.9,4.7,1197,62.72,2.01,795000,52000,377000,19.0
2007-12-01,174.34,212.42,75.5,6225.0,101.57,4.9,5.0,1037,62.72,2.01,742000,57000,350000,19.0
2008-01-01,173.13,212.87,78.4,5872.0,101.45,5.3,5.0,1084,64.17,0.12,708000,42000,344000,18.0
2008-02-01,171.54,213.38,70.8,5872.0,101.31,5.3,4.9,1103,64.17,0.12,664000,41000,309000,19.0
2008-03-01,170.05,214.42,69.5,5872.0,101.15,5.3,5.1,1005,64.17,0.12,642000,38000,287000,20.0
2008-04-01,168.34,215.0,62.6,6087.0,100.95,5.3,5.0,1013,63.85,0.12,661000,41000,306000,20.0
2008-05-01,166.66,215.87,59.8,6087.0,100.67,5.3,5.4,973,63.85,0.12,633000,36000,326000,20.0
2008-06-01,165.02,216.86,56.4,6087.0,100.28,5.3,5.6,1046,63.85,0.12,605000,35000,540000,19.0
2008-07-01,163.57,218.01,61.2,6322.0,99.74,5.3,5.8,923,67.28,0.12,571000,34000,316000,18.0
2008-08-01,161.99,218.05,63.0,6322.0,99.04,5.3,6.1,844,67.28,0.12,543000,33000,282000,16.0
2008-09-01,160.31,217.84,70.3,6322.0,98.19,5.3,6.1,820,67.28,0.12,529000,36000,232000,16.0
2008-10-01,158.33,217.7,57.6,5841.0,97.25,5.3,6.5,777,73.24,0.12,469000,33000,234000,17.0
2008-11-01,156.14,217.58,55.3,5841.0,96.36,5.3,6.8,652,73.24,0.12,420000,20000,186000,14.0
2008-12-01,153.62,217.47,60.1,5841.0,95.6,5.3,7.3,560,73.24,0.12,364000,21000,169000,9.0
2009-01-01,151.51,217.63,61.2,5060.0,95.06,7.6,7.8,490,77.1,-2.6,337000,23000,185000,9.0
2009-02-01,150.01,217.56,56.3,5060.0,94.76,7.6,8.3,582,77.1,-2.6,377000,20000,161000,8.0
2009-03-01,148.66,217.46,57.3,5060.0,94.72,7.6,8.7,505,77.1,-2.6,361000,21000,131000,9.0
2009-04-01,147.95,217.3,65.1,5012.0,94.93,7.6,9.0,478,80.28,-2.6,391000,21000,109000,9.0
2009-05-01,147.7,216.99,68.7,5012.0,95.33,7.6,9.4,540,80.28,-2.6,431000,21000,104000,14.0
2009-06-01,148.09,216.96,70.8,5012.0,95.84,7.6,9.5,585,80.28,-2.6,458000,25000,118000,16.0
2009-07-01,148.41,216.58,66.0,5146.0,96.39,7.6,9.5,594,82.43,-2.6,489000,19000,87000,15.0
2009-08-01,148.28,216.73,65.7,5146.0,96.95,7.6,9.6,586,82.43,-2.6,491000,20000,105000,17.0
2009-09-01,148.02,216.68,73.5,5146.0,97.48,7.6,9.8,585,82.43,-2.6,477000,19000,113000,18.0
2009-10-01,147.85,216.94,70.6,4921.0,97.97,7.6,10.0,534,84.03,-2.6,472000,16000,95000,19.0
2009-11-01,148.13,216.96,67.4,4921.0,98.42,7.6,9.9,588,84.03,-2.6,483000,26000,114000,17.0
2009-12-01,147.93,216.9,72.5,4921.0,98.83,7.6,9.9,581,84.03,-2.6,508000,18000,138000,17.0
2010-01-01,147.4,216.21,74.4,5002.0,99.19,-2.9,9.8,614,86.51,2.71,504000,21000,111000,16.0
2010-02-01,145.63,216.04,73.6,5002.0,99.45,-2.9,9.8,604,86.51,2.71,510000,20000,120000,16.0
2010-03-01,145.86,216.15,73.6,5002.0,99.63,-2.9,9.9,636,86.51,2.71,536000,23000,128000,17.0
2010-04-01,146.4,216.09,72.2,4884.0,99.7,-2.9,9.9,687,88.13,2.71,476000,18000,143000,15.0
2010-05-01,146.39,216.13,73.6,4884.0,99.67,-2.9,9.6,583,88.13,2.71,435000,20000,120000,19.0
2010-06-01,145.72,216.06,76.0,4884.0,99.59,-2.9,9.4,536,88.13,2.71,425000,23000,139000,22.0
2010-07-01,144.99,216.21,67.8,4437.0,99.52,-2.9,9.4,546,89.56,2.71,411000,21000,147000,16.0
2010-08-01,143.92,216.25,68.9,4437.0,99.52,-2.9,9.5,599,89.56,2.71,402000,22000,156000,14.0
2010-09-01,143.02,216.23,68.2,4437.0,99.58,-2.9,9.5,594,89.56,2.71,404000,28000,131000,13.0
2010-10-01,142.53,216.36,67.7,4436.0,99.7,-2.9,9.4,543,91.61,2.71,408000,21000,129000,13.0
2010-11-01,142.17,216.48,71.6,4436.0,99.88,-2.9,9.8,545,91.61,2.71,418000,20000,122000,15.0
2010-12-01,142.06,216.82,74.5,4436.0,100.06,-2.9,9.3,539,91.61,2.71,447000,25000,160000,16.0
2011-01-01,141.52,217.06,74.2,4847.0,100.21,-0.8,9.1,630,92.96,1.55,420000,22000,134000,16.0
2011-02-01,140.35,217.44,77.5,4847.0,100.29,-0.8,9.0,517,92.96,1.55,379000,16000,147000,16.0
2011-03-01,139.98,217.79,67.5,4847.0,100.28,-0.8,9.0,600,92.96,1.55,399000,16000,168000,16.0
2011-04-01,140.01,218.19,69.8,4651.0,100.18,-0.8,9.1,554,92.19,1.55,403000,23000,155000,17.0
2011-05-01,139.9,218.52,74.3,4651.0,99.99,-0.8,9.0,561,92.19,1.55,411000,22000,185000,16.0
2011-06-01,139.86,218.81,71.5,4651.0,99.74,-0.8,9.1,608,92.19,1.55,413000,22000,201000,16.0
2011-07-01,139.73,219.39,63.7,4292.0,99.46,-0.8,9.0,623,94.52,1.55,416000,23000,182000,15.0
2011-08-01,139.31,219.8,55.8,4292.0,99.22,-0.8,9.0,585,94.52,1.55,428000,27000,192000,15.0
2011-09-01,138.67,220.15,59.5,4292.0,99.1,-0.8,9.0,650,94.52,1.55,425000,21000,164000,15.0
2011-10-01,137.95,220.45,60.8,4002.0,99.12,-0.8,8.8,610,96.09,1.55,439000,23000,209000,15.0
2011-11-01,137.15,220.68,63.7,4002.0,99.27,-0.8,8.6,711,96.09,1.55,449000,22000,235000,17.0
2011-12-01,136.68,220.97,69.9,4002.0,99.49,-0.8,8.5,694,96.09,1.55,458000,23000,216000,20.0
2012-01-01,136.61,221.1,75.0,3922.0,99.71,-0.7,8.3,723,97.12,2.28,461000,22000,231000,21.0
2012-02-01,136.53,221.3,75.3,3922.0,99.87,-0.7,8.3,704,97.12,2.28,486000,26000,227000,25.0
2012-03-01,137.9,221.58,76.2,3922.0,99.94,-0.7,8.2,695,97.12,2.28,477000,23000,285000,25.0
2012-04-01,139.16,221.99,76.4,3795.0,99.92,-0.7,8.2,753,97.83,2.28,484000,23000,242000,28.0
2012-05-01,140.16,222.07,79.3,3795.0,99.84,-0.7,8.2,708,97.83,2.28,499000,23000,284000,24.0
2012-06-01,141.03,222.32,73.2,3795.0,99.74,-0.7,8.2,757,97.83,2.28,501000,24000,260000,28.0
2012-07-01,141.67,222.51,72.3,3554.0,99.66,-0.7,8.2,740,98.45,2.28,520000,29000,290000,29.0
2012-08-01,142.28,223.03,74.3,3554.0,99.64,-0.7,8.1,754,98.45,2.28,520000,28000,279000,35.0
2012-09-01,142.91,223.46,78.3,3554.0,99.67,-0.7,7.8,847,98.45,2.28,559000,29000,333000,35.0
2012-10-01,143.6,223.95,82.6,3359.0,99.73,-0.7,7.8,915,100.08,2.28,570000,26000,312000,40.0
2012-11-01,144.59,224.5,82.7,3359.0,99.82,-0.7,7.7,833,100.08,2.28,574000,29000,330000,41.0
2012-12-01,145.5,224.76,72.9,3359.0,99.94,-0.7,7.9,976,100.08,2.28,584000,30000,329000,46.0
2013-01-01,146.83,225.11,73.8,3497.0,100.08,0.0,8.0,888,100.86,1.84,590000,28000,310000,47.0
2013-02-01,147.78,225.58,77.6,3497.0,100.23,0.0,7.7,962,100.86,1.84,612000,35000,324000,47.0
2013-03-01,149.96,225.77,78.6,3497.0,100.34,0.0,7.5,1010,100.86,1.84,609000,27000,296000,46.0
2013-04-01,151.52,226.3,76.4,3672.0,100.44,0.0,7.6,835,100.23,1.84,623000,29000,363000,44.0
2013-05-01,152.85,226.95,84.5,3672.0,100.52,0.0,7.5,930,100.23,1.84,624000,29000,363000,42.0
2013-06-01,154.2,227.32,84.1,3672.0,100.59,0.0,7.5,839,100.23,1.84,628000,30000,293000,44.0
2013-07-01,155.6,227.58,85.1,4440.0,100.64,0.0,7.3,880,98.98,1.84,615000,31000,340000,52.0
2013-08-01,156.96,227.91,82.1,4440.0,100.67,0.0,7.2,917,98.98,1.84,631000,25000,291000,57.0
2013-09-01,158.23,228.35,77.5,4440.0,100.7,0.0,7.2,850,98.98,1.84,618000,29000,368000,58.0
2013-10-01,159.24,228.58,73.2,4293.0,100.71,0.0,7.2,925,100.13,1.84,623000,29000,379000,57.0
2013-11-01,160.07,229.12,75.1,4293.0,100.72,0.0,6.9,1100,100.13,1.84,647000,26000,369000,54.0
2013-12-01,160.99,229.62,82.5,4293.0,100.72,0.0,6.7,1002,100.13,1.84,613000,30000,370000,54.0
2014-01-01,161.93,230.52,81.2,4365.0,100.71,-0.6,6.6,888,102.66,2.29,621000,30000,351000,56.0
2014-02-01,162.53,231.08,81.6,4365.0,100.73,-0.6,6.7,944,102.66,2.29,613000,24000,393000,46.0
2014-03-01,163.09,232.12,80.0,4365.0,100.78,-0.6,6.7,970,102.66,2.29,622000,29000,410000,47.0
2014-04-01,163.4,232.01,84.1,4228.0,100.83,-0.6,6.2,1043,100.97,2.29,622000,27000,425000,46.0
2014-05-01,163.66,232.78,81.9,4228.0,100.88,-0.6,6.3,1007,100.97,2.29,626000,29000,362000,45.0
2014-06-01,164.06,233.12,82.5,4228.0,100.92,-0.6,6.1,911,100.97,2.29,648000,38000,347000,49.0
2014-07-01,164.58,233.7,81.8,4135.0,100.94,-0.6,6.2,1085,100.46,2.29,640000,30000,371000,53.0
2014-08-01,165.22,233.93,82.5,4135.0,100.94,-0.6,6.1,984,100.46,2.29,643000,35000,362000,55.0
2014-09-01,165.91,234.23,84.6,4135.0,100.94,-0.6,5.9,1023,100.46,2.29,653000,26000,374000,59.0
2014-10-01,166.64,234.66,86.9,3964.0,100.91,-0.6,5.7,1074,101.62,2.29,652000,32000,436000,54.0
2014-11-01,167.34,235.0,88.8,3964.0,100.87,-0.6,5.8,1001,101.62,2.29,663000,28000,388000,58.0
2014-12-01,168.05,235.42,93.6,3964.0,100.8,-0.6,5.6,1073,101.62,2.29,685000,24000,368000,57.0
2015-01-01,168.63,235.74,98.1,3717.0,100.71,-1.0,5.7,1085,100.89,2.71,657000,27000,375000,57.0
2015-02-01,169.13,236.2,95.4,3717.0,100.6,-1.0,5.5,886,100.89,2.71,626000,28000,444000,55.0
2015-03-01,169.8,236.6,93.0,3717.0,100.49,-1.0,5.4,960,100.89,2.71,642000,26000,370000,53.0
2015-04-01,170.3,237.09,95.9,3819.0,100.38,-1.0,5.4,1190,99.77,2.71,666000,32000,442000,56.0
2015-05-01,170.88,237.21,90.7,3819.0,100.26,-1.0,5.6,1079,99.77,2.71,681000,34000,535000,54.0
2015-06-01,171.47,237.8,96.1,3819.0,100.13,-1.0,5.3,1205,99.77,2.71,692000,34000,611000,59.0
2015-07-01,172.13,238.33,93.1,3947.0,99.97,-1.0,5.2,1146,99.15,2.71,680000,28000,422000,60.0
2015-08-01,172.94,238.7,91.9,3947.0,99.79,-1.0,5.1,1130,99.15,2.71,699000,30000,432000,61.0
2015-09-01,173.83,239.24,87.2,3947.0,99.61,-1.0,5.0,1224,99.15,2.71,694000,37000,374000,61.0
2015-10-01,174.79,239.59,90.0,3902.0,99.47,-1.0,5.0,1058,103.22,2.71,715000,34000,412000,65.0
2015-11-01,175.74,240.0,91.3,3902.0,99.35,-1.0,5.1,1172,103.22,2.71,727000,29000,526000,62.0
2015-12-01,176.54,240.22,92.6,3902.0,99.25,-1.0,5.0,1146,103.22,2.71,732000,35000,437000,60.0
2016-01-01,177.27,240.67,92.0,3738.0,99.16,-1.2,4.8,1092,104.56,1.67,727000,35000,426000,61.0
2016-02-01,177.65,241.12,91.7,3738.0,99.1,-1.2,4.9,1225,104.56,1.67,733000,33000,396000,58.0
2016-03-01,178.17,241.59,91.0,3738.0,99.08,-1.2,5.0,1111,104.56,1.67,725000,34000,318000,58.0
2016-04-01,178.77,242.07,89.0,3589.0,99.08,-1.2,5.1,1163,104.14,1.67,741000,32000,357000,58.0
2016-05-01,179.43,242.83,94.7,3589.0,99.07,-1.2,4.8,1148,104.14,1.67,731000,28000,377000,58.0
2016-06-01,180.08,243.52,93.5,3589.0,99.06,-1.2,4.9,1203,104.14,1.67,738000,29000,386000,60.0
2016-07-01,180.83,244.22,90.0,3446.0,99.06,-1.2,4.8,1239,104.25,1.67,711000,29000,404000,58.0
2016-08-01,181.85,244.91,89.8,3446.0,99.08,-1.2,4.9,1171,104.25,1.67,737000,32000,370000,59.0
2016-09-01,182.83,245.76,91.2,3446.0,99.15,-1.2,5.0,1068,104.25,1.67,749000,39000,482000,65.0
2016-10-01,183.76,246.48,87.2,3842.0,99.27,-1.2,4.9,1313,105.32,1.67,779000,32000,474000,63.0
2016-11-01,184.76,246.98,93.8,3842.0,99.43,-1.2,4.7,1140,105.32,1.67,786000,41000,428000,63.0
2016-12-01,185.73,247.54,98.2,3842.0,99.6,-1.2,4.7,1252,105.32,1.67,830000,39000,397000,69.0
2017-01-01,186.8,248.16,98.5,4173.0,99.74,0.5,4.7,1190,103.65,2.24,806000,29000,465000,67.0
2017-02-01,187.31,248.81,96.3,4173.0,99.83,0.5,4.6,1271,103.65,2.24,834000,45000,340000,65.0
2017-03-01,187.99,249.1,96.9,4173.0,99.87,0.5,4.4,1190,103.65,2.24,826000,37000,397000,71.0
2017-04-01,188.73,249.8,97.0,3980.0,99.87,0.5,4.4,1146,102.8,2.24,794000,36000,398000,68.0
2017-05-01,189.62,250.41,97.1,3980.0,99.87,0.5,4.4,1157,102.8,2.24,779000,32000,357000,69.0
2017-06-01,190.51,250.93,95.0,3980.0,99.88,0.5,4.3,1249,102.8,2.24,811000,35000,429000,66.0
2017-07-01,191.45,251.21,93.4,3884.0,99.92,0.5,4.3,1206,103.49,2.24,811000,35000,377000,64.0
2017-08-01,192.68,252.09,96.8,3884.0,100.0,0.5,4.4,1159,103.49,2.24,803000,36000,461000,68.0
2017-09-01,193.77,252.6,95.1,3884.0,100.12,0.5,4.3,1181,103.49,2.24,831000,36000,387000,64.0
2017-10-01,194.82,253.29,100.7,3922.0,100.26,0.5,4.2,1257,103.01,2.24,854000,35000,454000,68.0
2017-11-01,195.96,253.8,98.5,3922.0,100.39,0.5,4.2,1273,103.01,2.24,864000,41000,418000,69.0
2017-12-01,197.17,254.58,95.9,3922.0,100.52,0.5,4.1,1177,103.01,2.24,877000,38000,405000,74.0
2018-01-01,198.29,255.12,95.7,4282.0,100.65,0.3,4.0,1301,104.64,2.95,870000,45000,451000,72.0
2018-02-01,199.21,255.83,99.7,4282.0,100.76,0.3,4.1,1279,104.64,2.95,886000,46000,391000,71.0
2018-03-01,199.95,256.51,101.4,4282.0,100.83,0.3,4.0,1324,104.64,2.95,851000,40000,486000,70.0
2018-04-01,200.66,257.23,98.8,4545.0,100.86,0.3,4.0,1286,103.54,2.95,863000,41000,460000,68.0
2018-05-01,201.43,257.89,98.0,4545.0,100.85,0.3,3.8,1358,103.54,2.95,843000,34000,424000,70.0
2018-06-01,202.24,258.0,98.2,4545.0,100.8,0.3,4.0,1199,103.54,2.95,853000,36000,403000,68.0
2018-07-01,202.93,258.59,97.9,4567.0,100.73,0.3,3.8,1199,104.01,2.95,873000,28000,402000,68.0
2018-08-01,203.71,259.39,96.2,4567.0,100.63,0.3,3.8,1289,104.01,2.95,820000,39000,370000,67.0
2018-09-01,204.39,259.58,100.1,4567.0,100.49,0.3,3.7,1247,104.01,2.95,854000,40000,376000,67.0
2018-10-01,205.16,260.39,98.6,4785.0,100.3,0.3,3.8,1220,105.55,2.95,847000,36000,382000,68.0
2018-11-01,205.69,261.05,97.5,4785.0,100.08,0.3,3.8,1177,105.55,2.95,848000,39000,435000,69.0
2018-12-01,206.15,262.12,98.3,4785.0,99.86,0.3,3.9,1089,105.55,2.95,829000,37000,460000,74.0
2019-01-01,206.5,262.53,91.2,4374.0,99.65,1.3,4.0,1232,104.83,2.29,821000,44000,452000,58.0
2019-02-01,206.79,263.19,93.8,4374.0,99.47,1.3,3.8,1129,104.83,2.29,817000,37000,437000,62.0
2019-03-01,207.02,264.01,98.4,4374.0,99.33,1.3,3.8,1200,104.83,2.29,816000,36000,436000,62.0
2019-04-01,207.51,264.67,97.2,4011.0,99.2,1.3,3.6,1280,103.53,2.29,786000,45000,459000,63.0
2019-05-01,208.16,265.14,100.0,4011.0,99.09,1.3,3.6,1308,103.53,2.29,815000,37000,442000,66.0
2019-06-01,208.68,265.79,98.2,4011.0,98.98,1.3,3.6,1235,103.53,2.29,813000,47000,360000,64.0
2019-07-01,209.32,266.43,98.4,3658.0,98.89,1.3,3.7,1232,105.52,2.29,829000,45000,443000,65.0
2019-08-01,210.14,266.77,89.8,3658.0,98.83,1.3,3.7,1370,105.52,2.29,875000,42000,508000,67.0
2019-09-01,210.97,267.47,93.2,3658.0,98.83,1.3,3.5,1297,105.52,2.29,882000,35000,470000,68.0
2019-10-01,211.87,267.9,95.5,3700.0,98.88,1.3,3.6,1328,106.89,2.29,909000,47000,505000,71.0
2019-11-01,212.82,268.47,96.8,3700.0,98.97,1.3,3.6,1343,106.89,2.29,921000,38000,515000,71.0
2019-12-01,213.91,268.97,99.3,3700.0,99.05,1.3,3.6,1538,106.89,2.29,916000,42000,458000,76.0
2020-01-01,214.9,269.73,99.8,3522.0,99.08,4.7,3.5,1569,107.83,-2.77,987000,42000,522000,75.0
2020-02-01,215.72,270.45,101.0,3522.0,99.05,4.7,3.5,1571,107.83,-2.77,1004000,45000,415000,74.0
2020-03-01,216.31,270.4,89.1,3522.0,97.69,4.7,4.4,1270,107.83,-2.77,884000,46000,423000,72.0
2020-04-01,216.81,270.36,71.8,3239.0,92.59,4.7,14.7,938,134.84,-2.77,669000,32000,373000,30.0
2020-05-01,217.02,270.86,72.3,3239.0,94.26,4.7,13.2,1055,134.84,-2.77,746000,42000,428000,37.0
2020-06-01,217.66,271.22,78.1,3239.0,96.11,4.7,11.0,1269,134.84,-2.77,834000,39000,368000,58.0
2020-07-01,219.45,271.83,72.5,2947.0,97.71,4.7,10.2,1510,126.14,-2.77,983000,45000,467000,72.0
2020-08-01,222.48,272.4,74.1,2947.0,98.43,4.7,8.4,1376,126.14,-2.77,1036000,53000,381000,78.0
2020-09-01,225.94,272.79,80.4,2947.0,98.72,4.7,7.9,1461,126.14,-2.77,1119000,44000,390000,83.0
2020-10-01,229.89,273.08,81.8,2752.0,99.08,4.7,6.9,1530,127.84,-2.77,1128000,57000,359000,85.0
2020-11-01,233.25,273.79,76.9,2752.0,99.47,4.7,6.7,1545,127.84,-2.77,1143000,55000,441000,90.0
2020-12-01,236.43,274.41,80.7,2752.0,99.89,4.7,6.7,1663,127.84,-2.77,1223000,46000,435000,86.0
2021-01-01,239.41,274.54,79.0,2899.0,100.26,5.0,6.3,1602,126.08,5.95,1270000,56000,560000,83.0
2021-02-01,242.12,275.31,76.8,2899.0,100.64,5.0,6.2,1422,126.08,5.95,1143000,44000,495000,84.0
2021-03-01,245.32,276.18,84.9,2899.0,100.97,5.0,6.1,1700,126.08,5.95,1194000,58000,503000,82.0
2021-04-01,249.08,277.42,88.3,2988.0,101.24,5.0,6.1,1484,123.79,5.95,1148000,50000,535000,83.0
2021-05-01,253.47,278.69,82.9,2988.0,101.32,5.0,5.8,1600,123.79,5.95,1130000,57000,494000,83.0
2021-06-01,258.42,279.69,85.5,2988.0,101.32,5.0,5.9,1661,123.79,5.95,1063000,52000,483000,81.0
2021-07-01,262.96,280.91,81.2,2864.0,101.27,5.0,5.4,1593,120.72,5.95,1048000,54000,528000,80.0
2021-08-01,267.0,281.85,70.3,2864.0,101.2,5.0,5.2,1576,120.72,5.95,1050000,41000,630000,75.0
2021-09-01,270.52,283.39,72.8,2864.0,101.14,5.0,4.8,1560,120.72,5.95,1041000,49000,496000,78.0
2021-10-01,273.93,285.39,71.7,3079.0,101.1,5.0,4.5,1572,121.64,5.95,1069000,53000,528000,80.0
2021-11-01,277.28,286.9,67.4,3079.0,101.06,5.0,4.2,1712,121.64,5.95,1106000,48000,563000,83.0
2021-12-01,281.27,288.4,70.6,3079.0,101.0,5.0,3.9,1787,121.64,5.95,1128000,70000,675000,84.0
2022-01-01,285.71,290.1,67.2,3822.0,100.92,4.6,4.0,1669,122.88,2.06,1213000,57000,625000,83.0
2022-02-01,290.8,291.75,62.8,3822.0,100.79,4.6,3.8,1771,122.88,2.06,1207000,55000,597000,82.0
2022-03-01,296.27,293.73,59.4,3822.0,100.6,4.6,3.6,1713,122.88,2.06,1163000,56000,660000,79.0
2022-04-01,300.62,295.44,65.2,5266.0,100.36,4.6,3.6,1803,121.07,2.06,1110000,53000,656000,77.0
2022-05-01,303.9,297.92,58.4,5266.0,100.07,4.6,3.6,1543,121.07,2.06,1048000,55000,592000,69.0
2022-06-01,304.82,300.18,50.0,5266.0,99.77,4.6,3.6,1561,121.07,2.06,967000,52000,666000,67.0
2022-07-01,304.11,301.62,51.5,5623.0,99.51,4.6,3.5,1371,120.23,2.06,928000,53000,693000,55.0
2022-08-01,301.64,303.92,58.2,5623.0,99.31,4.6,3.7,1505,120.23,2.06,899000,47000,571000,49.0
2022-09-01,299.44,306.13,58.6,5623.0,99.15,4.6,3.5,1463,120.23,2.06,872000,48000,644000,46.0
2022-10-01,299.02,307.88,59.9,6665.0,99.02,4.6,3.7,1432,120.21,2.06,841000,51000,620000,38.0
2022-11-01,298.23,309.33,56.8,6665.0,98.92,4.6,3.6,1427,120.21,2.06,781000,52000,509000,33.0
2022-12-01,297.19,311.63,59.7,6665.0,98.87,4.6,3.5,1357,120.21,2.06,748000,49000,612000,31.0
2023-01-01,296.6,314.04,64.9,6308.0,98.84,4.6,3.4,1340,118.58,2.06,748000,54000,552000,31.0
2023-02-01,296.96,315.73,67.0,6308.0,98.83,4.6,3.6,1436,118.58,2.06,796000,48000,638000,31.0
2023-03-01,298.21,316.67,62.0,6308.0,98.83,4.6,3.5,1380,118.58,2.06,829000,52000,556000,31.0
2023-04-01,300.21,317.41,63.5,6308.0,98.86,4.6,3.4,1348,120.65,2.06,855000,59000,502000,31.0
2023-05-01,302.66,318.19,59.2,6308.0,98.92,4.6,3.7,1583,120.65,2.06,902000,54000,540000,31.0
2023-06-01,304.64,319.15,64.4,6308.0,99.02,4.6,3.6,1398,120.65,2.06,924000,52000,465000,31.0
